croatia,programiranje
croatia,programiranja
croatia,programiranju
croatia,programiranje
croatia,programer
croatia,programera
croatia,programeru
croatia,programeri
croatia,programere
croatia,development
croatia,developer
croatia,developera
croatia,developeru
croatia,developeri
croatia,developere
croatia,linux
croatia,debian
croatia,fer
croatia,tvz
croatia,fesb
croatia,riteh
croatia,faks
croatia,faksa
croatia,faksu
croatia,student
croatia,studentski
croatia,studenta
croatia,studentu
croatia,studenti
croatia,studente
croatia,studentica
croatia,studentice
croatia,studenticu
croatia,studentici
croatia,studentska prava
croatia,studij
croatia,studija
croatia,firma
croatia,firmu
croatia,firme
croatia,obrt
croatia,obrte
croatia,obrtu
croatia,freelance
croatia,freelancing
croatia,freelancer
croatia,freelancera
croatia,freelanceru
croatia,freelanceri
croatia,freelancere
croatia,torrent
croatia,torrenthr
croatia,thr